{"cameraMode":{"drawMode":0,"name":"Shaded","section":"Shading Mode"},"sceneLighting":true,"audioPlay":false,"sceneViewState":{"m_AlwaysRefresh":false,"showFog":true,"showSkybox":true,"showFlares":true,"showImageEffects":true,"showParticleSystems":true,"showVisualEffectGraphs":true,"m_FxEnabled":true},"in2DMode":false,"pivot":{"x":3.849214553833008,"y":2.054318904876709,"z":3.5887575149536135},"rotation":{"x":0.06742138415575028,"y":-0.028431251645088197,"z":0.0019220291869714857,"w":0.9973172545433044},"size":13.227849960327149,"orthographic":false}